"filename", "language", "Java", "Markdown", "JSON", "YAML", "Ini", "XML", "Log", "Java Properties", "comment", "blank", "total"
"c:\Users\Utilisateur\Desktop\RB\Dev\MyCodes\GitHub\LoupGarouMinecraftPlugin\.metadata\.plugins\org.eclipse.core.resources\.projects\Traitors\org.eclipse.egit.core\GitProjectData.properties", "Java Properties", 0, 0, 0, 0, 0, 0, 0, 1, 2, 1, 4
"c:\Users\Utilisateur\Desktop\RB\Dev\MyCodes\GitHub\LoupGarouMinecraftPlugin\.metadata\.plugins\org.eclipse.jdt.launching\.install.xml", "XML", 0, 0, 0, 0, 0, 5, 0, 0, 0, 1, 6
"c:\Users\Utilisateur\Desktop\RB\Dev\MyCodes\GitHub\LoupGarouMinecraftPlugin\.metadata\.plugins\org.eclipse.jdt.launching\libraryInfos.xml", "XML", 0, 0, 0, 0, 0, 5, 0, 0, 0, 1, 6
"c:\Users\Utilisateur\Desktop\RB\Dev\MyCodes\GitHub\LoupGarouMinecraftPlugin\.metadata\.plugins\org.eclipse.jdt.ui\OpenTypeHistory.xml", "XML", 0, 0, 0, 0, 0, 2, 0, 0, 0, 1, 3
"c:\Users\Utilisateur\Desktop\RB\Dev\MyCodes\GitHub\LoupGarouMinecraftPlugin\.metadata\.plugins\org.eclipse.jdt.ui\QualifiedTypeNameHistory.xml", "XML", 0, 0, 0, 0, 0, 2, 0, 0, 0, 1, 3
"c:\Users\Utilisateur\Desktop\RB\Dev\MyCodes\GitHub\LoupGarouMinecraftPlugin\.metadata\.plugins\org.eclipse.jdt.ui\dialog_settings.xml", "XML", 0, 0, 0, 0, 0, 14, 0, 0, 0, 1, 15
"c:\Users\Utilisateur\Desktop\RB\Dev\MyCodes\GitHub\LoupGarouMinecraftPlugin\.metadata\.plugins\org.eclipse.m2e.logback\0.log", "Log", 0, 0, 0, 0, 0, 0, 2, 0, 0, 1, 3
"c:\Users\Utilisateur\Desktop\RB\Dev\MyCodes\GitHub\LoupGarouMinecraftPlugin\.metadata\.plugins\org.eclipse.m2e.logback\logback.2.2.1.20231030-1438.xml", "XML", 0, 0, 0, 0, 0, 37, 0, 0, 0, 5, 42
"c:\Users\Utilisateur\Desktop\RB\Dev\MyCodes\GitHub\LoupGarouMinecraftPlugin\.metadata\.plugins\org.eclipse.tips.ide\dialog_settings.xml", "XML", 0, 0, 0, 0, 0, 3, 0, 0, 0, 1, 4
"c:\Users\Utilisateur\Desktop\RB\Dev\MyCodes\GitHub\LoupGarouMinecraftPlugin\.metadata\.plugins\org.eclipse.ui.ide\dialog_settings.xml", "XML", 0, 0, 0, 0, 0, 16, 0, 0, 0, 1, 17
"c:\Users\Utilisateur\Desktop\RB\Dev\MyCodes\GitHub\LoupGarouMinecraftPlugin\.metadata\.plugins\org.eclipse.ui.intro\dialog_settings.xml", "XML", 0, 0, 0, 0, 0, 4, 0, 0, 0, 1, 5
"c:\Users\Utilisateur\Desktop\RB\Dev\MyCodes\GitHub\LoupGarouMinecraftPlugin\.metadata\.plugins\org.eclipse.ui.workbench\dialog_settings.xml", "XML", 0, 0, 0, 0, 0, 3, 0, 0, 0, 1, 4
"c:\Users\Utilisateur\Desktop\RB\Dev\MyCodes\GitHub\LoupGarouMinecraftPlugin\.metadata\.plugins\org.eclipse.ui.workbench\workingsets.xml", "XML", 0, 0, 0, 0, 0, 6, 0, 0, 0, 0, 6
"c:\Users\Utilisateur\Desktop\RB\Dev\MyCodes\GitHub\LoupGarouMinecraftPlugin\.metadata\version.ini", "Ini", 0, 0, 0, 0, 3, 0, 0, 0, 0, 1, 4
"c:\Users\Utilisateur\Desktop\RB\Dev\MyCodes\GitHub\LoupGarouMinecraftPlugin\REPRISE_CONTEXTE_CharactUHC.md", "Markdown", 0, 66, 0, 0, 0, 0, 0, 0, 0, 30, 96
"c:\Users\Utilisateur\Desktop\RB\Dev\MyCodes\GitHub\LoupGarouMinecraftPlugin\bin\.VSCodeCounter\2025-06-19_14-00-25\details.md", "Markdown", 0, 187, 0, 0, 0, 0, 0, 0, 0, 6, 193
"c:\Users\Utilisateur\Desktop\RB\Dev\MyCodes\GitHub\LoupGarouMinecraftPlugin\bin\.VSCodeCounter\2025-06-19_14-00-25\diff-details.md", "Markdown", 0, 9, 0, 0, 0, 0, 0, 0, 0, 6, 15
"c:\Users\Utilisateur\Desktop\RB\Dev\MyCodes\GitHub\LoupGarouMinecraftPlugin\bin\.VSCodeCounter\2025-06-19_14-00-25\diff.md", "Markdown", 0, 12, 0, 0, 0, 0, 0, 0, 0, 7, 19
"c:\Users\Utilisateur\Desktop\RB\Dev\MyCodes\GitHub\LoupGarouMinecraftPlugin\bin\.VSCodeCounter\2025-06-19_14-00-25\results.json", "JSON", 0, 0, 1, 0, 0, 0, 0, 0, 0, 0, 1
"c:\Users\Utilisateur\Desktop\RB\Dev\MyCodes\GitHub\LoupGarouMinecraftPlugin\bin\.VSCodeCounter\2025-06-19_14-00-25\results.md", "Markdown", 0, 37, 0, 0, 0, 0, 0, 0, 0, 7, 44
"c:\Users\Utilisateur\Desktop\RB\Dev\MyCodes\GitHub\LoupGarouMinecraftPlugin\bin\StarParty\RoleStar.class", "Java", 3, 0, 0, 0, 0, 0, 0, 0, 0, 1, 4
"c:\Users\Utilisateur\Desktop\RB\Dev\MyCodes\GitHub\LoupGarouMinecraftPlugin\bin\StarParty\Role\Chewbaca.class", "Java", 17, 0, 0, 0, 0, 0, 0, 0, 0, 0, 17
"c:\Users\Utilisateur\Desktop\RB\Dev\MyCodes\GitHub\LoupGarouMinecraftPlugin\bin\StarParty\Role\DarkMaul.class", "Java", 16, 0, 0, 0, 0, 0, 0, 0, 0, 0, 16
"c:\Users\Utilisateur\Desktop\RB\Dev\MyCodes\GitHub\LoupGarouMinecraftPlugin\bin\StarParty\Role\DarkVador.class", "Java", 19, 0, 0, 0, 0, 0, 0, 0, 0, 0, 19
"c:\Users\Utilisateur\Desktop\RB\Dev\MyCodes\GitHub\LoupGarouMinecraftPlugin\bin\StarParty\Role\Dooku.class", "Java", 24, 0, 0, 0, 0, 0, 0, 0, 0, 0, 24
"c:\Users\Utilisateur\Desktop\RB\Dev\MyCodes\GitHub\LoupGarouMinecraftPlugin\bin\StarParty\Role\Grievous.class", "Java", 16, 0, 0, 0, 0, 0, 0, 0, 0, 0, 16
"c:\Users\Utilisateur\Desktop\RB\Dev\MyCodes\GitHub\LoupGarouMinecraftPlugin\bin\StarParty\Role\HanSolo.class", "Java", 16, 0, 0, 0, 0, 0, 0, 0, 0, 0, 16
"c:\Users\Utilisateur\Desktop\RB\Dev\MyCodes\GitHub\LoupGarouMinecraftPlugin\bin\StarParty\Role\Impe.class", "Java", 15, 0, 0, 0, 0, 0, 0, 0, 0, 0, 15
"c:\Users\Utilisateur\Desktop\RB\Dev\MyCodes\GitHub\LoupGarouMinecraftPlugin\bin\StarParty\Role\Jango$1.class", "Java", 11, 0, 0, 0, 0, 0, 0, 0, 0, 0, 11
"c:\Users\Utilisateur\Desktop\RB\Dev\MyCodes\GitHub\LoupGarouMinecraftPlugin\bin\StarParty\Role\Jango$10.class", "Java", 10, 0, 0, 0, 0, 0, 0, 0, 0, 0, 10
"c:\Users\Utilisateur\Desktop\RB\Dev\MyCodes\GitHub\LoupGarouMinecraftPlugin\bin\StarParty\Role\Jango$2.class", "Java", 11, 0, 0, 0, 0, 0, 0, 0, 0, 0, 11
"c:\Users\Utilisateur\Desktop\RB\Dev\MyCodes\GitHub\LoupGarouMinecraftPlugin\bin\StarParty\Role\Jango$3.class", "Java", 11, 0, 0, 0, 0, 0, 0, 0, 0, 0, 11
"c:\Users\Utilisateur\Desktop\RB\Dev\MyCodes\GitHub\LoupGarouMinecraftPlugin\bin\StarParty\Role\Jango$4.class", "Java", 11, 0, 0, 0, 0, 0, 0, 0, 0, 0, 11
"c:\Users\Utilisateur\Desktop\RB\Dev\MyCodes\GitHub\LoupGarouMinecraftPlugin\bin\StarParty\Role\Jango$5.class", "Java", 11, 0, 0, 0, 0, 0, 0, 0, 0, 0, 11
"c:\Users\Utilisateur\Desktop\RB\Dev\MyCodes\GitHub\LoupGarouMinecraftPlugin\bin\StarParty\Role\Jango$6.class", "Java", 11, 0, 0, 0, 0, 0, 0, 0, 0, 0, 11
"c:\Users\Utilisateur\Desktop\RB\Dev\MyCodes\GitHub\LoupGarouMinecraftPlugin\bin\StarParty\Role\Jango$7.class", "Java", 11, 0, 0, 0, 0, 0, 0, 0, 0, 0, 11
"c:\Users\Utilisateur\Desktop\RB\Dev\MyCodes\GitHub\LoupGarouMinecraftPlugin\bin\StarParty\Role\Jango$8.class", "Java", 11, 0, 0, 0, 0, 0, 0, 0, 0, 0, 11
"c:\Users\Utilisateur\Desktop\RB\Dev\MyCodes\GitHub\LoupGarouMinecraftPlugin\bin\StarParty\Role\Jango$9.class", "Java", 11, 0, 0, 0, 0, 0, 0, 0, 0, 0, 11
"c:\Users\Utilisateur\Desktop\RB\Dev\MyCodes\GitHub\LoupGarouMinecraftPlugin\bin\StarParty\Role\Jango.class", "Java", 64, 0, 0, 0, 0, 0, 0, 0, 0, 0, 64
"c:\Users\Utilisateur\Desktop\RB\Dev\MyCodes\GitHub\LoupGarouMinecraftPlugin\bin\StarParty\Role\Leila.class", "Java", 15, 0, 0, 0, 0, 0, 0, 0, 0, 0, 15
"c:\Users\Utilisateur\Desktop\RB\Dev\MyCodes\GitHub\LoupGarouMinecraftPlugin\bin\StarParty\Role\Luke.class", "Java", 22, 0, 0, 0, 0, 0, 0, 0, 0, 0, 22
"c:\Users\Utilisateur\Desktop\RB\Dev\MyCodes\GitHub\LoupGarouMinecraftPlugin\bin\StarParty\Role\Obiwan.class", "Java", 17, 0, 0, 0, 0, 0, 0, 0, 0, 0, 17
"c:\Users\Utilisateur\Desktop\RB\Dev\MyCodes\GitHub\LoupGarouMinecraftPlugin\bin\StarParty\Role\Palpatine.class", "Java", 16, 0, 0, 0, 0, 0, 0, 0, 0, 0, 16
"c:\Users\Utilisateur\Desktop\RB\Dev\MyCodes\GitHub\LoupGarouMinecraftPlugin\bin\StarParty\Role\QuiGon.class", "Java", 17, 0, 0, 0, 0, 0, 0, 0, 0, 0, 17
"c:\Users\Utilisateur\Desktop\RB\Dev\MyCodes\GitHub\LoupGarouMinecraftPlugin\bin\StarParty\Role\Stormtrooper.class", "Java", 7, 0, 0, 0, 0, 0, 0, 0, 0, 0, 7
"c:\Users\Utilisateur\Desktop\RB\Dev\MyCodes\GitHub\LoupGarouMinecraftPlugin\bin\StarParty\Role\Windu.class", "Java", 14, 0, 0, 0, 0, 0, 0, 0, 0, 0, 14
"c:\Users\Utilisateur\Desktop\RB\Dev\MyCodes\GitHub\LoupGarouMinecraftPlugin\bin\StarParty\Role\Yoda.class", "Java", 15, 0, 0, 0, 0, 0, 0, 0, 0, 0, 15
"c:\Users\Utilisateur\Desktop\RB\Dev\MyCodes\GitHub\LoupGarouMinecraftPlugin\bin\StarParty\RolesStar.class", "Java", 23, 0, 0, 0, 0, 0, 0, 0, 0, 0, 23
"c:\Users\Utilisateur\Desktop\RB\Dev\MyCodes\GitHub\LoupGarouMinecraftPlugin\bin\StarParty\StarListener$1.class", "Java", 18, 0, 0, 0, 0, 0, 0, 0, 0, 0, 18
"c:\Users\Utilisateur\Desktop\RB\Dev\MyCodes\GitHub\LoupGarouMinecraftPlugin\bin\StarParty\StarListener$2.class", "Java", 18, 0, 0, 0, 0, 0, 0, 0, 0, 0, 18
"c:\Users\Utilisateur\Desktop\RB\Dev\MyCodes\GitHub\LoupGarouMinecraftPlugin\bin\StarParty\StarListener$3.class", "Java", 18, 0, 0, 0, 0, 0, 0, 0, 0, 0, 18
"c:\Users\Utilisateur\Desktop\RB\Dev\MyCodes\GitHub\LoupGarouMinecraftPlugin\bin\StarParty\StarListener$4.class", "Java", 18, 0, 0, 0, 0, 0, 0, 0, 0, 0, 18
"c:\Users\Utilisateur\Desktop\RB\Dev\MyCodes\GitHub\LoupGarouMinecraftPlugin\bin\StarParty\StarListener$5.class", "Java", 18, 0, 0, 0, 0, 0, 0, 0, 0, 0, 18
"c:\Users\Utilisateur\Desktop\RB\Dev\MyCodes\GitHub\LoupGarouMinecraftPlugin\bin\StarParty\StarListener$6.class", "Java", 18, 0, 0, 0, 0, 0, 0, 0, 0, 0, 18
"c:\Users\Utilisateur\Desktop\RB\Dev\MyCodes\GitHub\LoupGarouMinecraftPlugin\bin\StarParty\StarListener$7.class", "Java", 18, 0, 0, 0, 0, 0, 0, 0, 0, 0, 18
"c:\Users\Utilisateur\Desktop\RB\Dev\MyCodes\GitHub\LoupGarouMinecraftPlugin\bin\StarParty\StarListener$8.class", "Java", 18, 0, 0, 0, 0, 0, 0, 0, 0, 0, 18
"c:\Users\Utilisateur\Desktop\RB\Dev\MyCodes\GitHub\LoupGarouMinecraftPlugin\bin\StarParty\StarListener$9.class", "Java", 14, 0, 0, 0, 0, 0, 0, 0, 0, 1, 15
"c:\Users\Utilisateur\Desktop\RB\Dev\MyCodes\GitHub\LoupGarouMinecraftPlugin\bin\StarParty\StarListener.class", "Java", 110, 0, 0, 0, 0, 0, 0, 0, 0, 0, 110
"c:\Users\Utilisateur\Desktop\RB\Dev\MyCodes\GitHub\LoupGarouMinecraftPlugin\bin\StarParty\StarParty$1.class", "Java", 15, 0, 0, 0, 0, 0, 0, 0, 0, 0, 15
"c:\Users\Utilisateur\Desktop\RB\Dev\MyCodes\GitHub\LoupGarouMinecraftPlugin\bin\StarParty\StarParty.class", "Java", 83, 0, 0, 0, 0, 0, 0, 0, 0, 1, 84
"c:\Users\Utilisateur\Desktop\RB\Dev\MyCodes\GitHub\LoupGarouMinecraftPlugin\bin\StarParty\StarUtil.class", "Java", 32, 0, 0, 0, 0, 0, 0, 0, 0, 0, 32
"c:\Users\Utilisateur\Desktop\RB\Dev\MyCodes\GitHub\LoupGarouMinecraftPlugin\bin\WorldEditUtil\BiomeChanger.class", "Java", 19, 0, 0, 0, 0, 0, 0, 0, 0, 0, 19
"c:\Users\Utilisateur\Desktop\RB\Dev\MyCodes\GitHub\LoupGarouMinecraftPlugin\bin\WorldEditUtil\EmptyWorldGenerator.class", "Java", 7, 0, 0, 0, 0, 0, 0, 0, 0, 0, 7
"c:\Users\Utilisateur\Desktop\RB\Dev\MyCodes\GitHub\LoupGarouMinecraftPlugin\bin\WorldEditUtil\StructureLoader.class", "Java", 59, 0, 0, 0, 0, 0, 0, 0, 1, 0, 60
"c:\Users\Utilisateur\Desktop\RB\Dev\MyCodes\GitHub\LoupGarouMinecraftPlugin\flagCapture\Color.java", "Java", 11, 0, 0, 0, 0, 0, 0, 0, 0, 6, 17
"c:\Users\Utilisateur\Desktop\RB\Dev\MyCodes\GitHub\LoupGarouMinecraftPlugin\flagCapture\Flag.java", "Java", 63, 0, 0, 0, 0, 0, 0, 0, 0, 17, 80
"c:\Users\Utilisateur\Desktop\RB\Dev\MyCodes\GitHub\LoupGarouMinecraftPlugin\flagCapture\FlagTab.java", "Java", 19, 0, 0, 0, 0, 0, 0, 0, 1, 10, 30
"c:\Users\Utilisateur\Desktop\RB\Dev\MyCodes\GitHub\LoupGarouMinecraftPlugin\flagCapture\Main.java", "Java", 204, 0, 0, 0, 0, 0, 0, 0, 1, 61, 266
"c:\Users\Utilisateur\Desktop\RB\Dev\MyCodes\GitHub\LoupGarouMinecraftPlugin\resources\fitzche.json", "JSON", 0, 0, 5, 0, 0, 0, 0, 0, 0, 3, 8
"c:\Users\Utilisateur\Desktop\RB\Dev\MyCodes\GitHub\LoupGarouMinecraftPlugin\resources\plugin.yml", "YAML", 0, 0, 0, 26, 0, 0, 0, 0, 0, 1, 27
"c:\Users\Utilisateur\Desktop\RB\Dev\MyCodes\GitHub\LoupGarouMinecraftPlugin\resources\voyant.json", "JSON", 0, 0, 27, 0, 0, 0, 0, 0, 0, 4, 31
"c:\Users\Utilisateur\Desktop\RB\Dev\MyCodes\GitHub\LoupGarouMinecraftPlugin\src\.VSCodeCounter\2025-06-19_14-00-25\details.md", "Markdown", 0, 187, 0, 0, 0, 0, 0, 0, 0, 6, 193
"c:\Users\Utilisateur\Desktop\RB\Dev\MyCodes\GitHub\LoupGarouMinecraftPlugin\src\.VSCodeCounter\2025-06-19_14-00-25\diff-details.md", "Markdown", 0, 9, 0, 0, 0, 0, 0, 0, 0, 6, 15
"c:\Users\Utilisateur\Desktop\RB\Dev\MyCodes\GitHub\LoupGarouMinecraftPlugin\src\.VSCodeCounter\2025-06-19_14-00-25\diff.md", "Markdown", 0, 12, 0, 0, 0, 0, 0, 0, 0, 7, 19
"c:\Users\Utilisateur\Desktop\RB\Dev\MyCodes\GitHub\LoupGarouMinecraftPlugin\src\.VSCodeCounter\2025-06-19_14-00-25\results.json", "JSON", 0, 0, 1, 0, 0, 0, 0, 0, 0, 0, 1
"c:\Users\Utilisateur\Desktop\RB\Dev\MyCodes\GitHub\LoupGarouMinecraftPlugin\src\.VSCodeCounter\2025-06-19_14-00-25\results.md", "Markdown", 0, 37, 0, 0, 0, 0, 0, 0, 0, 7, 44
"c:\Users\Utilisateur\Desktop\RB\Dev\MyCodes\GitHub\LoupGarouMinecraftPlugin\src\.VSCodeCounter\2026-03-29_15-59-57\details.md", "Markdown", 0, 241, 0, 0, 0, 0, 0, 0, 0, 6, 247
"c:\Users\Utilisateur\Desktop\RB\Dev\MyCodes\GitHub\LoupGarouMinecraftPlugin\src\.VSCodeCounter\2026-03-29_15-59-57\diff-details.md", "Markdown", 0, 419, 0, 0, 0, 0, 0, 0, 0, 6, 425
"c:\Users\Utilisateur\Desktop\RB\Dev\MyCodes\GitHub\LoupGarouMinecraftPlugin\src\.VSCodeCounter\2026-03-29_15-59-57\diff.md", "Markdown", 0, 82, 0, 0, 0, 0, 0, 0, 0, 7, 89
"c:\Users\Utilisateur\Desktop\RB\Dev\MyCodes\GitHub\LoupGarouMinecraftPlugin\src\.VSCodeCounter\2026-03-29_15-59-57\results.json", "JSON", 0, 0, 1, 0, 0, 0, 0, 0, 0, 0, 1
"c:\Users\Utilisateur\Desktop\RB\Dev\MyCodes\GitHub\LoupGarouMinecraftPlugin\src\.VSCodeCounter\2026-03-29_15-59-57\results.md", "Markdown", 0, 47, 0, 0, 0, 0, 0, 0, 0, 7, 54
"c:\Users\Utilisateur\Desktop\RB\Dev\MyCodes\GitHub\LoupGarouMinecraftPlugin\src\StarParty\RoleStar.java", "Java", 6, 0, 0, 0, 0, 0, 0, 0, 0, 6, 12
"c:\Users\Utilisateur\Desktop\RB\Dev\MyCodes\GitHub\LoupGarouMinecraftPlugin\src\StarParty\Role\Chewbaca.java", "Java", 22, 0, 0, 0, 0, 0, 0, 0, 1, 10, 33
"c:\Users\Utilisateur\Desktop\RB\Dev\MyCodes\GitHub\LoupGarouMinecraftPlugin\src\StarParty\Role\DarkMaul.java", "Java", 27, 0, 0, 0, 0, 0, 0, 0, 0, 10, 37
"c:\Users\Utilisateur\Desktop\RB\Dev\MyCodes\GitHub\LoupGarouMinecraftPlugin\src\StarParty\Role\DarkVador.java", "Java", 35, 0, 0, 0, 0, 0, 0, 0, 0, 12, 47
"c:\Users\Utilisateur\Desktop\RB\Dev\MyCodes\GitHub\LoupGarouMinecraftPlugin\src\StarParty\Role\Dooku.java", "Java", 46, 0, 0, 0, 0, 0, 0, 0, 0, 10, 56
"c:\Users\Utilisateur\Desktop\RB\Dev\MyCodes\GitHub\LoupGarouMinecraftPlugin\src\StarParty\Role\Grievous.java", "Java", 22, 0, 0, 0, 0, 0, 0, 0, 1, 8, 31
"c:\Users\Utilisateur\Desktop\RB\Dev\MyCodes\GitHub\LoupGarouMinecraftPlugin\src\StarParty\Role\HanSolo.java", "Java", 24, 0, 0, 0, 0, 0, 0, 0, 1, 9, 34
"c:\Users\Utilisateur\Desktop\RB\Dev\MyCodes\GitHub\LoupGarouMinecraftPlugin\src\StarParty\Role\Impe.java", "Java", 34, 0, 0, 0, 0, 0, 0, 0, 0, 7, 41
"c:\Users\Utilisateur\Desktop\RB\Dev\MyCodes\GitHub\LoupGarouMinecraftPlugin\src\StarParty\Role\Jango.java", "Java", 103, 0, 0, 0, 0, 0, 0, 0, 0, 20, 123
"c:\Users\Utilisateur\Desktop\RB\Dev\MyCodes\GitHub\LoupGarouMinecraftPlugin\src\StarParty\Role\Leila.java", "Java", 31, 0, 0, 0, 0, 0, 0, 0, 1, 8, 40
"c:\Users\Utilisateur\Desktop\RB\Dev\MyCodes\GitHub\LoupGarouMinecraftPlugin\src\StarParty\Role\Luke.java", "Java", 29, 0, 0, 0, 0, 0, 0, 0, 0, 8, 37
"c:\Users\Utilisateur\Desktop\RB\Dev\MyCodes\GitHub\LoupGarouMinecraftPlugin\src\StarParty\Role\Obiwan.java", "Java", 30, 0, 0, 0, 0, 0, 0, 0, 0, 11, 41
"c:\Users\Utilisateur\Desktop\RB\Dev\MyCodes\GitHub\LoupGarouMinecraftPlugin\src\StarParty\Role\Palpatine.java", "Java", 32, 0, 0, 0, 0, 0, 0, 0, 1, 10, 43
"c:\Users\Utilisateur\Desktop\RB\Dev\MyCodes\GitHub\LoupGarouMinecraftPlugin\src\StarParty\Role\QuiGon.java", "Java", 36, 0, 0, 0, 0, 0, 0, 0, 1, 10, 47
"c:\Users\Utilisateur\Desktop\RB\Dev\MyCodes\GitHub\LoupGarouMinecraftPlugin\src\StarParty\Role\Stormtrooper.java", "Java", 12, 0, 0, 0, 0, 0, 0, 0, 2, 7, 21
"c:\Users\Utilisateur\Desktop\RB\Dev\MyCodes\GitHub\LoupGarouMinecraftPlugin\src\StarParty\Role\Windu.java", "Java", 30, 0, 0, 0, 0, 0, 0, 0, 1, 10, 41
"c:\Users\Utilisateur\Desktop\RB\Dev\MyCodes\GitHub\LoupGarouMinecraftPlugin\src\StarParty\Role\Yoda.java", "Java", 25, 0, 0, 0, 0, 0, 0, 0, 1, 8, 34
"c:\Users\Utilisateur\Desktop\RB\Dev\MyCodes\GitHub\LoupGarouMinecraftPlugin\src\StarParty\RolesStar.java", "Java", 54, 0, 0, 0, 0, 0, 0, 0, 0, 12, 66
"c:\Users\Utilisateur\Desktop\RB\Dev\MyCodes\GitHub\LoupGarouMinecraftPlugin\src\StarParty\StarListener.java", "Java", 404, 0, 0, 0, 0, 0, 0, 0, 7, 74, 485
"c:\Users\Utilisateur\Desktop\RB\Dev\MyCodes\GitHub\LoupGarouMinecraftPlugin\src\StarParty\StarParty.java", "Java", 316, 0, 0, 0, 0, 0, 0, 0, 8, 70, 394
"c:\Users\Utilisateur\Desktop\RB\Dev\MyCodes\GitHub\LoupGarouMinecraftPlugin\src\StarParty\StarUtil.java", "Java", 59, 0, 0, 0, 0, 0, 0, 0, 0, 6, 65
"c:\Users\Utilisateur\Desktop\RB\Dev\MyCodes\GitHub\LoupGarouMinecraftPlugin\src\WorldEditUtil\BiomeChanger.java", "Java", 33, 0, 0, 0, 0, 0, 0, 0, 1, 12, 46
"c:\Users\Utilisateur\Desktop\RB\Dev\MyCodes\GitHub\LoupGarouMinecraftPlugin\src\WorldEditUtil\EmptyWorldGenerator.java", "Java", 16, 0, 0, 0, 0, 0, 0, 0, 0, 5, 21
"c:\Users\Utilisateur\Desktop\RB\Dev\MyCodes\GitHub\LoupGarouMinecraftPlugin\src\WorldEditUtil\StructureLoader.java", "Java", 106, 0, 0, 0, 0, 0, 0, 0, 6, 43, 155
"c:\Users\Utilisateur\Desktop\RB\Dev\MyCodes\GitHub\LoupGarouMinecraftPlugin\src\fr\fitzche\flagCapture\Color.java", "Java", 11, 0, 0, 0, 0, 0, 0, 0, 0, 6, 17
"c:\Users\Utilisateur\Desktop\RB\Dev\MyCodes\GitHub\LoupGarouMinecraftPlugin\src\fr\fitzche\flagCapture\Flag.java", "Java", 64, 0, 0, 0, 0, 0, 0, 0, 0, 18, 82
"c:\Users\Utilisateur\Desktop\RB\Dev\MyCodes\GitHub\LoupGarouMinecraftPlugin\src\fr\fitzche\flagCapture\FlagTab.java", "Java", 19, 0, 0, 0, 0, 0, 0, 0, 1, 10, 30
"c:\Users\Utilisateur\Desktop\RB\Dev\MyCodes\GitHub\LoupGarouMinecraftPlugin\src\fr\fitzche\flagCapture\Main2.java", "Java", 247, 0, 0, 0, 0, 0, 0, 0, 1, 82, 330
"c:\Users\Utilisateur\Desktop\RB\Dev\MyCodes\GitHub\LoupGarouMinecraftPlugin\src\fr\fitzche\lgmore\Camp.java", "Java", 32, 0, 0, 0, 0, 0, 0, 0, 0, 10, 42
"c:\Users\Utilisateur\Desktop\RB\Dev\MyCodes\GitHub\LoupGarouMinecraftPlugin\src\fr\fitzche\lgmore\CharactUHC\Action.java", "Java", 418, 0, 0, 0, 0, 0, 0, 0, 8, 115, 541
"c:\Users\Utilisateur\Desktop\RB\Dev\MyCodes\GitHub\LoupGarouMinecraftPlugin\src\fr\fitzche\lgmore\CharactUHC\CharactListener.java", "Java", 45, 0, 0, 0, 0, 0, 0, 0, 5, 19, 69
"c:\Users\Utilisateur\Desktop\RB\Dev\MyCodes\GitHub\LoupGarouMinecraftPlugin\src\fr\fitzche\lgmore\CharactUHC\CharactRole.java", "Java", 272, 0, 0, 0, 0, 0, 0, 0, 54, 126, 452
"c:\Users\Utilisateur\Desktop\RB\Dev\MyCodes\GitHub\LoupGarouMinecraftPlugin\src\fr\fitzche\lgmore\CharactUHC\CharactRoleList.java", "Java", 70, 0, 0, 0, 0, 0, 0, 0, 3, 18, 91
"c:\Users\Utilisateur\Desktop\RB\Dev\MyCodes\GitHub\LoupGarouMinecraftPlugin\src\fr\fitzche\lgmore\CharactUHC\CharactUHC.java", "Java", 283, 0, 0, 0, 0, 0, 0, 0, 19, 116, 418
"c:\Users\Utilisateur\Desktop\RB\Dev\MyCodes\GitHub\LoupGarouMinecraftPlugin\src\fr\fitzche\lgmore\CharactUHC\Jauge.java", "Java", 47, 0, 0, 0, 0, 0, 0, 0, 0, 21, 68
"c:\Users\Utilisateur\Desktop\RB\Dev\MyCodes\GitHub\LoupGarouMinecraftPlugin\src\fr\fitzche\lgmore\CharactUHC\SpecialCharactItem.java", "Java", 66, 0, 0, 0, 0, 0, 0, 0, 0, 22, 88
"c:\Users\Utilisateur\Desktop\RB\Dev\MyCodes\GitHub\LoupGarouMinecraftPlugin\src\fr\fitzche\lgmore\CharactUHC\VisionPower.java", "Java", 79, 0, 0, 0, 0, 0, 0, 0, 0, 17, 96
"c:\Users\Utilisateur\Desktop\RB\Dev\MyCodes\GitHub\LoupGarouMinecraftPlugin\src\fr\fitzche\lgmore\Game.java", "Java", 19, 0, 0, 0, 0, 0, 0, 0, 0, 6, 25
"c:\Users\Utilisateur\Desktop\RB\Dev\MyCodes\GitHub\LoupGarouMinecraftPlugin\src\fr\fitzche\lgmore\GameStatut.java", "Java", 4, 0, 0, 0, 0, 0, 0, 0, 0, 2, 6
"c:\Users\Utilisateur\Desktop\RB\Dev\MyCodes\GitHub\LoupGarouMinecraftPlugin\src\fr\fitzche\lgmore\InfinityStones\Stone.java", "Java", 88, 0, 0, 0, 0, 0, 0, 0, 9, 28, 125
"c:\Users\Utilisateur\Desktop\RB\Dev\MyCodes\GitHub\LoupGarouMinecraftPlugin\src\fr\fitzche\lgmore\InfinityStones\StonesType.java", "Java", 11, 0, 0, 0, 0, 0, 0, 0, 0, 5, 16
"c:\Users\Utilisateur\Desktop\RB\Dev\MyCodes\GitHub\LoupGarouMinecraftPlugin\src\fr\fitzche\lgmore\Lg\GameLg.java", "Java", 1623, 0, 0, 0, 0, 0, 0, 0, 71, 466, 2160
"c:\Users\Utilisateur\Desktop\RB\Dev\MyCodes\GitHub\LoupGarouMinecraftPlugin\src\fr\fitzche\lgmore\Lg\GameLgListener.java", "Java", 240, 0, 0, 0, 0, 0, 0, 0, 18, 83, 341
"c:\Users\Utilisateur\Desktop\RB\Dev\MyCodes\GitHub\LoupGarouMinecraftPlugin\src\fr\fitzche\lgmore\Lg\GameNote.java", "Java", 60, 0, 0, 0, 0, 0, 0, 0, 0, 15, 75
"c:\Users\Utilisateur\Desktop\RB\Dev\MyCodes\GitHub\LoupGarouMinecraftPlugin\src\fr\fitzche\lgmore\Lg\GameType.java", "Java", 4, 0, 0, 0, 0, 0, 0, 0, 0, 2, 6
"c:\Users\Utilisateur\Desktop\RB\Dev\MyCodes\GitHub\LoupGarouMinecraftPlugin\src\fr\fitzche\lgmore\Lg\PlayerNote.java", "Java", 20, 0, 0, 0, 0, 0, 0, 0, 0, 9, 29
"c:\Users\Utilisateur\Desktop\RB\Dev\MyCodes\GitHub\LoupGarouMinecraftPlugin\src\fr\fitzche\lgmore\Lg\RegisterType.java", "Java", 5, 0, 0, 0, 0, 0, 0, 0, 0, 3, 8
"c:\Users\Utilisateur\Desktop\RB\Dev\MyCodes\GitHub\LoupGarouMinecraftPlugin\src\fr\fitzche\lgmore\Lg\SpecialsBlock\AccuseBlockData.java", "Java", 7, 0, 0, 0, 0, 0, 0, 0, 1, 4, 12
"c:\Users\Utilisateur\Desktop\RB\Dev\MyCodes\GitHub\LoupGarouMinecraftPlugin\src\fr\fitzche\lgmore\Lg\SpecialsBlock\CauldronBlockData.java", "Java", 7, 0, 0, 0, 0, 0, 0, 0, 1, 4, 12
"c:\Users\Utilisateur\Desktop\RB\Dev\MyCodes\GitHub\LoupGarouMinecraftPlugin\src\fr\fitzche\lgmore\Lg\SpecialsBlock\SpecialBlock.java", "Java", 245, 0, 0, 0, 0, 0, 0, 0, 26, 93, 364
"c:\Users\Utilisateur\Desktop\RB\Dev\MyCodes\GitHub\LoupGarouMinecraftPlugin\src\fr\fitzche\lgmore\Lg\SpecialsBlock\SpecialBlockData.java", "Java", 4, 0, 0, 0, 0, 0, 0, 0, 0, 6, 10
"c:\Users\Utilisateur\Desktop\RB\Dev\MyCodes\GitHub\LoupGarouMinecraftPlugin\src\fr\fitzche\lgmore\Lg\SpecialsBlock\SpecialBlockType.java", "Java", 4, 0, 0, 0, 0, 0, 0, 0, 0, 2, 6
"c:\Users\Utilisateur\Desktop\RB\Dev\MyCodes\GitHub\LoupGarouMinecraftPlugin\src\fr\fitzche\lgmore\Lg\SpecialsBlock\StoneBlockData.java", "Java", 19, 0, 0, 0, 0, 0, 0, 0, 1, 7, 27
"c:\Users\Utilisateur\Desktop\RB\Dev\MyCodes\GitHub\LoupGarouMinecraftPlugin\src\fr\fitzche\lgmore\Lg\SpecialsBlock\TreasureBlockData.java", "Java", 15, 0, 0, 0, 0, 0, 0, 0, 1, 6, 22
"c:\Users\Utilisateur\Desktop\RB\Dev\MyCodes\GitHub\LoupGarouMinecraftPlugin\src\fr\fitzche\lgmore\Lg\SpecialsBlock\TreasureBlockType.java", "Java", 4, 0, 0, 0, 0, 0, 0, 0, 0, 2, 6
"c:\Users\Utilisateur\Desktop\RB\Dev\MyCodes\GitHub\LoupGarouMinecraftPlugin\src\fr\fitzche\lgmore\Lg\SpecialsBlock\VoteBlockData.java", "Java", 23, 0, 0, 0, 0, 0, 0, 0, 1, 9, 33
"c:\Users\Utilisateur\Desktop\RB\Dev\MyCodes\GitHub\LoupGarouMinecraftPlugin\src\fr\fitzche\lgmore\Main.java", "Java", 687, 0, 0, 0, 0, 0, 0, 0, 5, 197, 889
"c:\Users\Utilisateur\Desktop\RB\Dev\MyCodes\GitHub\LoupGarouMinecraftPlugin\src\fr\fitzche\lgmore\Minage\MinageWorld.java", "Java", 158, 0, 0, 0, 0, 0, 0, 0, 4, 47, 209
"c:\Users\Utilisateur\Desktop\RB\Dev\MyCodes\GitHub\LoupGarouMinecraftPlugin\src\fr\fitzche\lgmore\Minage\TradeInv.java", "Java", 95, 0, 0, 0, 0, 0, 0, 0, 0, 46, 141
"c:\Users\Utilisateur\Desktop\RB\Dev\MyCodes\GitHub\LoupGarouMinecraftPlugin\src\fr\fitzche\lgmore\Minage\Trades.java", "Java", 33, 0, 0, 0, 0, 0, 0, 0, 0, 15, 48
"c:\Users\Utilisateur\Desktop\RB\Dev\MyCodes\GitHub\LoupGarouMinecraftPlugin\src\fr\fitzche\lgmore\PlayerData.java", "Java", 445, 0, 0, 0, 0, 0, 0, 0, 6, 111, 562
"c:\Users\Utilisateur\Desktop\RB\Dev\MyCodes\GitHub\LoupGarouMinecraftPlugin\src\fr\fitzche\lgmore\Role.java", "Java", 4, 0, 0, 0, 0, 0, 0, 0, 0, 4, 8
"c:\Users\Utilisateur\Desktop\RB\Dev\MyCodes\GitHub\LoupGarouMinecraftPlugin\src\fr\fitzche\lgmore\RoleInstance.java", "Java", 29, 0, 0, 0, 0, 0, 0, 0, 0, 20, 49
"c:\Users\Utilisateur\Desktop\RB\Dev\MyCodes\GitHub\LoupGarouMinecraftPlugin\src\fr\fitzche\lgmore\RolesLg\ALLUMEUR.java", "Java", 104, 0, 0, 0, 0, 0, 0, 0, 6, 37, 147
"c:\Users\Utilisateur\Desktop\RB\Dev\MyCodes\GitHub\LoupGarouMinecraftPlugin\src\fr\fitzche\lgmore\RolesLg\ANALYSTE.java", "Java", 123, 0, 0, 0, 0, 0, 0, 0, 5, 51, 179
"c:\Users\Utilisateur\Desktop\RB\Dev\MyCodes\GitHub\LoupGarouMinecraftPlugin\src\fr\fitzche\lgmore\RolesLg\ANCIEN.java", "Java", 87, 0, 0, 0, 0, 0, 0, 0, 9, 39, 135
"c:\Users\Utilisateur\Desktop\RB\Dev\MyCodes\GitHub\LoupGarouMinecraftPlugin\src\fr\fitzche\lgmore\RolesLg\ANGE.java", "Java", 173, 0, 0, 0, 0, 0, 0, 0, 5, 60, 238
"c:\Users\Utilisateur\Desktop\RB\Dev\MyCodes\GitHub\LoupGarouMinecraftPlugin\src\fr\fitzche\lgmore\RolesLg\ARAIGNEE.java", "Java", 136, 0, 0, 0, 0, 0, 0, 0, 3, 42, 181
"c:\Users\Utilisateur\Desktop\RB\Dev\MyCodes\GitHub\LoupGarouMinecraftPlugin\src\fr\fitzche\lgmore\RolesLg\ASSASSIN.java", "Java", 95, 0, 0, 0, 0, 0, 0, 0, 6, 38, 139
"c:\Users\Utilisateur\Desktop\RB\Dev\MyCodes\GitHub\LoupGarouMinecraftPlugin\src\fr\fitzche\lgmore\RolesLg\Aura.java", "Java", 17, 0, 0, 0, 0, 0, 0, 0, 0, 5, 22
"c:\Users\Utilisateur\Desktop\RB\Dev\MyCodes\GitHub\LoupGarouMinecraftPlugin\src\fr\fitzche\lgmore\RolesLg\BIENFAITEUR.java", "Java", 94, 0, 0, 0, 0, 0, 0, 0, 9, 40, 143
"c:\Users\Utilisateur\Desktop\RB\Dev\MyCodes\GitHub\LoupGarouMinecraftPlugin\src\fr\fitzche\lgmore\RolesLg\CHASSEUR.java", "Java", 101, 0, 0, 0, 0, 0, 0, 0, 1, 53, 155
"c:\Users\Utilisateur\Desktop\RB\Dev\MyCodes\GitHub\LoupGarouMinecraftPlugin\src\fr\fitzche\lgmore\RolesLg\COMEDIEN.java", "Java", 103, 0, 0, 0, 0, 0, 0, 0, 6, 40, 149
"c:\Users\Utilisateur\Desktop\RB\Dev\MyCodes\GitHub\LoupGarouMinecraftPlugin\src\fr\fitzche\lgmore\RolesLg\CORBEAU.java", "Java", 84, 0, 0, 0, 0, 0, 0, 0, 9, 36, 129
"c:\Users\Utilisateur\Desktop\RB\Dev\MyCodes\GitHub\LoupGarouMinecraftPlugin\src\fr\fitzche\lgmore\RolesLg\CUPIDON.java", "Java", 129, 0, 0, 0, 0, 0, 0, 0, 9, 56, 194
"c:\Users\Utilisateur\Desktop\RB\Dev\MyCodes\GitHub\LoupGarouMinecraftPlugin\src\fr\fitzche\lgmore\RolesLg\Checkers\AncienChecker.java", "Java", 74, 0, 0, 0, 0, 0, 0, 0, 10, 24, 108
"c:\Users\Utilisateur\Desktop\RB\Dev\MyCodes\GitHub\LoupGarouMinecraftPlugin\src\fr\fitzche\lgmore\RolesLg\Checkers\AngeChecker.java", "Java", 68, 0, 0, 0, 0, 0, 0, 0, 11, 18, 97
"c:\Users\Utilisateur\Desktop\RB\Dev\MyCodes\GitHub\LoupGarouMinecraftPlugin\src\fr\fitzche\lgmore\RolesLg\Checkers\AraigneeChecker.java", "Java", 70, 0, 0, 0, 0, 0, 0, 0, 10, 23, 103
"c:\Users\Utilisateur\Desktop\RB\Dev\MyCodes\GitHub\LoupGarouMinecraftPlugin\src\fr\fitzche\lgmore\RolesLg\Checkers\Brume_Checker.java", "Java", 78, 0, 0, 0, 0, 0, 0, 0, 9, 17, 104
"c:\Users\Utilisateur\Desktop\RB\Dev\MyCodes\GitHub\LoupGarouMinecraftPlugin\src\fr\fitzche\lgmore\RolesLg\Checkers\ComedienChecker.java", "Java", 82, 0, 0, 0, 0, 0, 0, 0, 9, 23, 114
"c:\Users\Utilisateur\Desktop\RB\Dev\MyCodes\GitHub\LoupGarouMinecraftPlugin\src\fr\fitzche\lgmore\RolesLg\Checkers\EnfantChecker.java", "Java", 81, 0, 0, 0, 0, 0, 0, 0, 11, 27, 119
"c:\Users\Utilisateur\Desktop\RB\Dev\MyCodes\GitHub\LoupGarouMinecraftPlugin\src\fr\fitzche\lgmore\RolesLg\Checkers\ErmiteChecker.java", "Java", 84, 0, 0, 0, 0, 0, 0, 0, 9, 25, 118
"c:\Users\Utilisateur\Desktop\RB\Dev\MyCodes\GitHub\LoupGarouMinecraftPlugin\src\fr\fitzche\lgmore\RolesLg\Checkers\FauconChecker.java", "Java", 85, 0, 0, 0, 0, 0, 0, 0, 11, 28, 124
"c:\Users\Utilisateur\Desktop\RB\Dev\MyCodes\GitHub\LoupGarouMinecraftPlugin\src\fr\fitzche\lgmore\RolesLg\Checkers\IDV_Checker.java", "Java", 78, 0, 0, 0, 0, 0, 0, 0, 10, 16, 104
"c:\Users\Utilisateur\Desktop\RB\Dev\MyCodes\GitHub\LoupGarouMinecraftPlugin\src\fr\fitzche\lgmore\RolesLg\Checkers\LgBarbare_Checker.java", "Java", 67, 0, 0, 0, 0, 0, 0, 0, 11, 25, 103
"c:\Users\Utilisateur\Desktop\RB\Dev\MyCodes\GitHub\LoupGarouMinecraftPlugin\src\fr\fitzche\lgmore\RolesLg\Checkers\MysticChecker.java", "Java", 68, 0, 0, 0, 0, 0, 0, 0, 11, 24, 103
"c:\Users\Utilisateur\Desktop\RB\Dev\MyCodes\GitHub\LoupGarouMinecraftPlugin\src\fr\fitzche\lgmore\RolesLg\Checkers\NecroChecker.java", "Java", 83, 0, 0, 0, 0, 0, 0, 0, 10, 24, 117
"c:\Users\Utilisateur\Desktop\RB\Dev\MyCodes\GitHub\LoupGarouMinecraftPlugin\src\fr\fitzche\lgmore\RolesLg\Checkers\ParrainChecker.java", "Java", 68, 0, 0, 0, 0, 0, 0, 0, 11, 16, 95
"c:\Users\Utilisateur\Desktop\RB\Dev\MyCodes\GitHub\LoupGarouMinecraftPlugin\src\fr\fitzche\lgmore\RolesLg\Checkers\PoisonVirusChecker.java", "Java", 69, 0, 0, 0, 0, 0, 0, 0, 11, 18, 98
"c:\Users\Utilisateur\Desktop\RB\Dev\MyCodes\GitHub\LoupGarouMinecraftPlugin\src\fr\fitzche\lgmore\RolesLg\Checkers\RegisterCheck.java", "Java", 176, 0, 0, 0, 0, 0, 0, 0, 4, 39, 219
"c:\Users\Utilisateur\Desktop\RB\Dev\MyCodes\GitHub\LoupGarouMinecraftPlugin\src\fr\fitzche\lgmore\RolesLg\Checkers\SanguinaireChecker.java", "Java", 65, 0, 0, 0, 0, 0, 0, 0, 11, 23, 99
"c:\Users\Utilisateur\Desktop\RB\Dev\MyCodes\GitHub\LoupGarouMinecraftPlugin\src\fr\fitzche\lgmore\RolesLg\Checkers\SoeurChecker.java", "Java", 73, 0, 0, 0, 0, 0, 0, 0, 10, 17, 100
"c:\Users\Utilisateur\Desktop\RB\Dev\MyCodes\GitHub\LoupGarouMinecraftPlugin\src\fr\fitzche\lgmore\RolesLg\Checkers\TimeresCheck.java", "Java", 61, 0, 0, 0, 0, 0, 0, 0, 10, 23, 94
"c:\Users\Utilisateur\Desktop\RB\Dev\MyCodes\GitHub\LoupGarouMinecraftPlugin\src\fr\fitzche\lgmore\RolesLg\Checkers\TrackRes.java", "Java", 69, 0, 0, 0, 0, 0, 0, 0, 11, 25, 105
"c:\Users\Utilisateur\Desktop\RB\Dev\MyCodes\GitHub\LoupGarouMinecraftPlugin\src\fr\fitzche\lgmore\RolesLg\Checkers\VirusChecker.java", "Java", 81, 0, 0, 0, 0, 0, 0, 0, 10, 19, 110
"c:\Users\Utilisateur\Desktop\RB\Dev\MyCodes\GitHub\LoupGarouMinecraftPlugin\src\fr\fitzche\lgmore\RolesLg\Checkers\VoleurChecker.java", "Java", 83, 0, 0, 0, 0, 0, 0, 0, 11, 21, 115
"c:\Users\Utilisateur\Desktop\RB\Dev\MyCodes\GitHub\LoupGarouMinecraftPlugin\src\fr\fitzche\lgmore\RolesLg\Checkers\VoteChecker.java", "Java", 73, 0, 0, 0, 0, 0, 0, 0, 11, 18, 102
"c:\Users\Utilisateur\Desktop\RB\Dev\MyCodes\GitHub\LoupGarouMinecraftPlugin\src\fr\fitzche\lgmore\RolesLg\Checkers\craintifChecker.java", "Java", 85, 0, 0, 0, 0, 0, 0, 0, 9, 23, 117
"c:\Users\Utilisateur\Desktop\RB\Dev\MyCodes\GitHub\LoupGarouMinecraftPlugin\src\fr\fitzche\lgmore\RolesLg\Checkers\damneChecker.java", "Java", 64, 0, 0, 0, 0, 0, 0, 0, 11, 24, 99
"c:\Users\Utilisateur\Desktop\RB\Dev\MyCodes\GitHub\LoupGarouMinecraftPlugin\src\fr\fitzche\lgmore\RolesLg\Checkers\demonChecker.java", "Java", 90, 0, 0, 0, 0, 0, 0, 0, 8, 31, 129
"c:\Users\Utilisateur\Desktop\RB\Dev\MyCodes\GitHub\LoupGarouMinecraftPlugin\src\fr\fitzche\lgmore\RolesLg\Checkers\servantLgChecker.java", "Java", 76, 0, 0, 0, 0, 0, 0, 0, 9, 25, 110
"c:\Users\Utilisateur\Desktop\RB\Dev\MyCodes\GitHub\LoupGarouMinecraftPlugin\src\fr\fitzche\lgmore\RolesLg\Checkers\thierceAnge_Checker.java", "Java", 68, 0, 0, 0, 0, 0, 0, 0, 10, 19, 97
"c:\Users\Utilisateur\Desktop\RB\Dev\MyCodes\GitHub\LoupGarouMinecraftPlugin\src\fr\fitzche\lgmore\RolesLg\DAMNE.java", "Java", 80, 0, 0, 0, 0, 0, 0, 0, 6, 37, 123
"c:\Users\Utilisateur\Desktop\RB\Dev\MyCodes\GitHub\LoupGarouMinecraftPlugin\src\fr\fitzche\lgmore\RolesLg\DEMON.java", "Java", 98, 0, 0, 0, 0, 0, 0, 0, 5, 52, 155
"c:\Users\Utilisateur\Desktop\RB\Dev\MyCodes\GitHub\LoupGarouMinecraftPlugin\src\fr\fitzche\lgmore\RolesLg\DISCIPLE.java", "Java", 195, 0, 0, 0, 0, 0, 0, 0, 5, 56, 256
"c:\Users\Utilisateur\Desktop\RB\Dev\MyCodes\GitHub\LoupGarouMinecraftPlugin\src\fr\fitzche\lgmore\RolesLg\ENFANT_SAUVAGE.java", "Java", 115, 0, 0, 0, 0, 0, 0, 0, 9, 53, 177
"c:\Users\Utilisateur\Desktop\RB\Dev\MyCodes\GitHub\LoupGarouMinecraftPlugin\src\fr\fitzche\lgmore\RolesLg\ERMITE.java", "Java", 94, 0, 0, 0, 0, 0, 0, 0, 6, 35, 135
"c:\Users\Utilisateur\Desktop\RB\Dev\MyCodes\GitHub\LoupGarouMinecraftPlugin\src\fr\fitzche\lgmore\RolesLg\FAUCONNIER.java", "Java", 85, 0, 0, 0, 0, 0, 0, 0, 10, 32, 127
"c:\Users\Utilisateur\Desktop\RB\Dev\MyCodes\GitHub\LoupGarouMinecraftPlugin\src\fr\fitzche\lgmore\RolesLg\IDIOT_DU_VILLAGE.java", "Java", 77, 0, 0, 0, 0, 0, 0, 0, 10, 32, 119
"c:\Users\Utilisateur\Desktop\RB\Dev\MyCodes\GitHub\LoupGarouMinecraftPlugin\src\fr\fitzche\lgmore\RolesLg\INFECT_PERE_DES_LOUPS.java", "Java", 116, 0, 0, 0, 0, 0, 0, 0, 9, 62, 187
"c:\Users\Utilisateur\Desktop\RB\Dev\MyCodes\GitHub\LoupGarouMinecraftPlugin\src\fr\fitzche\lgmore\RolesLg\INTERPRETE.java", "Java", 154, 0, 0, 0, 0, 0, 0, 0, 3, 48, 205
"c:\Users\Utilisateur\Desktop\RB\Dev\MyCodes\GitHub\LoupGarouMinecraftPlugin\src\fr\fitzche\lgmore\RolesLg\Infections\Virus.java", "Java", 197, 0, 0, 0, 0, 0, 0, 0, 0, 41, 238
"c:\Users\Utilisateur\Desktop\RB\Dev\MyCodes\GitHub\LoupGarouMinecraftPlugin\src\fr\fitzche\lgmore\RolesLg\Infections\VirusType.java", "Java", 4, 0, 0, 0, 0, 0, 0, 0, 0, 2, 6
"c:\Users\Utilisateur\Desktop\RB\Dev\MyCodes\GitHub\LoupGarouMinecraftPlugin\src\fr\fitzche\lgmore\RolesLg\LOUP_ALCHIMISTE.java", "Java", 168, 0, 0, 0, 0, 0, 0, 0, 8, 60, 236
"c:\Users\Utilisateur\Desktop\RB\Dev\MyCodes\GitHub\LoupGarouMinecraftPlugin\src\fr\fitzche\lgmore\RolesLg\LOUP_BARBARE.java", "Java", 74, 0, 0, 0, 0, 0, 0, 0, 10, 37, 121
"c:\Users\Utilisateur\Desktop\RB\Dev\MyCodes\GitHub\LoupGarouMinecraftPlugin\src\fr\fitzche\lgmore\RolesLg\LOUP_BRUMEUX.java", "Java", 114, 0, 0, 0, 0, 0, 0, 0, 9, 49, 172
"c:\Users\Utilisateur\Desktop\RB\Dev\MyCodes\GitHub\LoupGarouMinecraftPlugin\src\fr\fitzche\lgmore\RolesLg\LOUP_CRAINTIF.java", "Java", 103, 0, 0, 0, 0, 0, 0, 0, 9, 45, 157
"c:\Users\Utilisateur\Desktop\RB\Dev\MyCodes\GitHub\LoupGarouMinecraftPlugin\src\fr\fitzche\lgmore\RolesLg\LOUP_GRIMEUR.java", "Java", 100, 0, 0, 0, 0, 0, 0, 0, 9, 52, 161
"c:\Users\Utilisateur\Desktop\RB\Dev\MyCodes\GitHub\LoupGarouMinecraftPlugin\src\fr\fitzche\lgmore\RolesLg\LOUP_HURLEUR.java", "Java", 114, 0, 0, 0, 0, 0, 0, 0, 9, 47, 170
"c:\Users\Utilisateur\Desktop\RB\Dev\MyCodes\GitHub\LoupGarouMinecraftPlugin\src\fr\fitzche\lgmore\RolesLg\LOUP_MANIPULATEUR.java", "Java", 93, 0, 0, 0, 0, 0, 0, 0, 13, 37, 143
"c:\Users\Utilisateur\Desktop\RB\Dev\MyCodes\GitHub\LoupGarouMinecraftPlugin\src\fr\fitzche\lgmore\RolesLg\LOUP_METAMORPHE.java", "Java", 95, 0, 0, 0, 0, 0, 0, 0, 9, 40, 144
"c:\Users\Utilisateur\Desktop\RB\Dev\MyCodes\GitHub\LoupGarouMinecraftPlugin\src\fr\fitzche\lgmore\RolesLg\LOUP_MYSTIQUE.java", "Java", 98, 0, 0, 0, 0, 0, 0, 0, 10, 51, 159
"c:\Users\Utilisateur\Desktop\RB\Dev\MyCodes\GitHub\LoupGarouMinecraftPlugin\src\fr\fitzche\lgmore\RolesLg\LOUP_SANGUINAIRE.java", "Java", 87, 0, 0, 0, 0, 0, 0, 0, 10, 44, 141
"c:\Users\Utilisateur\Desktop\RB\Dev\MyCodes\GitHub\LoupGarouMinecraftPlugin\src\fr\fitzche\lgmore\RolesLg\MONTREUR.java", "Java", 86, 0, 0, 0, 0, 0, 0, 0, 6, 31, 123
"c:\Users\Utilisateur\Desktop\RB\Dev\MyCodes\GitHub\LoupGarouMinecraftPlugin\src\fr\fitzche\lgmore\RolesLg\NECROMANCIEN.java", "Java", 82, 0, 0, 0, 0, 0, 0, 0, 11, 33, 126
"c:\Users\Utilisateur\Desktop\RB\Dev\MyCodes\GitHub\LoupGarouMinecraftPlugin\src\fr\fitzche\lgmore\RolesLg\NEGOCIATEUR.java", "Java", 111, 0, 0, 0, 0, 0, 0, 0, 4, 44, 159
"c:\Users\Utilisateur\Desktop\RB\Dev\MyCodes\GitHub\LoupGarouMinecraftPlugin\src\fr\fitzche\lgmore\RolesLg\PARRAIN.java", "Java", 142, 0, 0, 0, 0, 0, 0, 0, 4, 48, 194
"c:\Users\Utilisateur\Desktop\RB\Dev\MyCodes\GitHub\LoupGarouMinecraftPlugin\src\fr\fitzche\lgmore\RolesLg\PERFIDE.java", "Java", 101, 0, 0, 0, 0, 0, 0, 0, 4, 48, 153
"c:\Users\Utilisateur\Desktop\RB\Dev\MyCodes\GitHub\LoupGarouMinecraftPlugin\src\fr\fitzche\lgmore\RolesLg\PETITE_FILLE.java", "Java", 102, 0, 0, 0, 0, 0, 0, 0, 4, 45, 151
"c:\Users\Utilisateur\Desktop\RB\Dev\MyCodes\GitHub\LoupGarouMinecraftPlugin\src\fr\fitzche\lgmore\RolesLg\PYROMANE.java", "Java", 206, 0, 0, 0, 0, 0, 0, 0, 5, 59, 270
"c:\Users\Utilisateur\Desktop\RB\Dev\MyCodes\GitHub\LoupGarouMinecraftPlugin\src\fr\fitzche\lgmore\RolesLg\RENARD.java", "Java", 122, 0, 0, 0, 0, 0, 0, 0, 8, 53, 183
"c:\Users\Utilisateur\Desktop\RB\Dev\MyCodes\GitHub\LoupGarouMinecraftPlugin\src\fr\fitzche\lgmore\RolesLg\RoleDisplay.java", "Java", 71, 0, 0, 0, 0, 0, 0, 0, 1, 33, 105
"c:\Users\Utilisateur\Desktop\RB\Dev\MyCodes\GitHub\LoupGarouMinecraftPlugin\src\fr\fitzche\lgmore\RolesLg\RolesLg.java", "Java", 322, 0, 0, 0, 0, 0, 0, 0, 0, 23, 345
"c:\Users\Utilisateur\Desktop\RB\Dev\MyCodes\GitHub\LoupGarouMinecraftPlugin\src\fr\fitzche\lgmore\RolesLg\SAGE.java", "Java", 97, 0, 0, 0, 0, 0, 0, 0, 8, 34, 139
"c:\Users\Utilisateur\Desktop\RB\Dev\MyCodes\GitHub\LoupGarouMinecraftPlugin\src\fr\fitzche\lgmore\RolesLg\SALVATEUR.java", "Java", 112, 0, 0, 0, 0, 0, 0, 0, 7, 39, 158
"c:\Users\Utilisateur\Desktop\RB\Dev\MyCodes\GitHub\LoupGarouMinecraftPlugin\src\fr\fitzche\lgmore\RolesLg\SIMPLE_VILLAGER.java", "Java", 91, 0, 0, 0, 0, 0, 0, 0, 7, 34, 132
"c:\Users\Utilisateur\Desktop\RB\Dev\MyCodes\GitHub\LoupGarouMinecraftPlugin\src\fr\fitzche\lgmore\RolesLg\SIMPLE_WOLF.java", "Java", 83, 0, 0, 0, 0, 0, 0, 0, 10, 44, 137
"c:\Users\Utilisateur\Desktop\RB\Dev\MyCodes\GitHub\LoupGarouMinecraftPlugin\src\fr\fitzche\lgmore\RolesLg\SOEUR.java", "Java", 112, 0, 0, 0, 0, 0, 0, 0, 6, 39, 157
"c:\Users\Utilisateur\Desktop\RB\Dev\MyCodes\GitHub\LoupGarouMinecraftPlugin\src\fr\fitzche\lgmore\RolesLg\SORCIER.java", "Java", 88, 0, 0, 0, 0, 0, 0, 0, 7, 38, 133
"c:\Users\Utilisateur\Desktop\RB\Dev\MyCodes\GitHub\LoupGarouMinecraftPlugin\src\fr\fitzche\lgmore\RolesLg\SORCIERE.java", "Java", 106, 0, 0, 0, 0, 0, 0, 0, 9, 38, 153
"c:\Users\Utilisateur\Desktop\RB\Dev\MyCodes\GitHub\LoupGarouMinecraftPlugin\src\fr\fitzche\lgmore\RolesLg\SWAPPER.java", "Java", 72, 0, 0, 0, 0, 0, 0, 0, 13, 31, 116
"c:\Users\Utilisateur\Desktop\RB\Dev\MyCodes\GitHub\LoupGarouMinecraftPlugin\src\fr\fitzche\lgmore\RolesLg\Servant_des_loups.java", "Java", 79, 0, 0, 0, 0, 0, 0, 0, 11, 32, 122
"c:\Users\Utilisateur\Desktop\RB\Dev\MyCodes\GitHub\LoupGarouMinecraftPlugin\src\fr\fitzche\lgmore\RolesLg\THANOS.java", "Java", 121, 0, 0, 0, 0, 0, 0, 0, 5, 50, 176
"c:\Users\Utilisateur\Desktop\RB\Dev\MyCodes\GitHub\LoupGarouMinecraftPlugin\src\fr\fitzche\lgmore\RolesLg\THIERCE_ANGE.java", "Java", 106, 0, 0, 0, 0, 0, 0, 0, 5, 50, 161
"c:\Users\Utilisateur\Desktop\RB\Dev\MyCodes\GitHub\LoupGarouMinecraftPlugin\src\fr\fitzche\lgmore\RolesLg\TRAQUEUR.java", "Java", 116, 0, 0, 0, 0, 0, 0, 0, 5, 37, 158
"c:\Users\Utilisateur\Desktop\RB\Dev\MyCodes\GitHub\LoupGarouMinecraftPlugin\src\fr\fitzche\lgmore\RolesLg\VOLEUR.java", "Java", 90, 0, 0, 0, 0, 0, 0, 0, 9, 47, 146
"c:\Users\Utilisateur\Desktop\RB\Dev\MyCodes\GitHub\LoupGarouMinecraftPlugin\src\fr\fitzche\lgmore\RolesLg\VOYANTE.java", "Java", 118, 0, 0, 0, 0, 0, 0, 0, 5, 64, 187
"c:\Users\Utilisateur\Desktop\RB\Dev\MyCodes\GitHub\LoupGarouMinecraftPlugin\src\fr\fitzche\lgmore\Timer.java", "Java", 55, 0, 0, 0, 0, 0, 0, 0, 1, 13, 69
"c:\Users\Utilisateur\Desktop\RB\Dev\MyCodes\GitHub\LoupGarouMinecraftPlugin\src\fr\fitzche\lgmore\Util\BooksUtils.java", "Java", 122, 0, 0, 0, 0, 0, 0, 0, 19, 44, 185
"c:\Users\Utilisateur\Desktop\RB\Dev\MyCodes\GitHub\LoupGarouMinecraftPlugin\src\fr\fitzche\lgmore\Util\CommandUtil.java", "Java", 20, 0, 0, 0, 0, 0, 0, 0, 0, 10, 30
"c:\Users\Utilisateur\Desktop\RB\Dev\MyCodes\GitHub\LoupGarouMinecraftPlugin\src\fr\fitzche\lgmore\Util\GameLgUtil.java", "Java", 165, 0, 0, 0, 0, 0, 0, 0, 1, 55, 221
"c:\Users\Utilisateur\Desktop\RB\Dev\MyCodes\GitHub\LoupGarouMinecraftPlugin\src\fr\fitzche\lgmore\Util\HealthSyncer.java", "Java", 61, 0, 0, 0, 0, 0, 0, 0, 0, 14, 75
"c:\Users\Utilisateur\Desktop\RB\Dev\MyCodes\GitHub\LoupGarouMinecraftPlugin\src\fr\fitzche\lgmore\Util\InventoryUtil.java", "Java", 38, 0, 0, 0, 0, 0, 0, 0, 1, 11, 50
"c:\Users\Utilisateur\Desktop\RB\Dev\MyCodes\GitHub\LoupGarouMinecraftPlugin\src\fr\fitzche\lgmore\Util\ItemUtil.java", "Java", 159, 0, 0, 0, 0, 0, 0, 0, 8, 31, 198
"c:\Users\Utilisateur\Desktop\RB\Dev\MyCodes\GitHub\LoupGarouMinecraftPlugin\src\fr\fitzche\lgmore\Util\JsonUtil.java", "Java", 47, 0, 0, 0, 0, 0, 0, 0, 0, 9, 56
"c:\Users\Utilisateur\Desktop\RB\Dev\MyCodes\GitHub\LoupGarouMinecraftPlugin\src\fr\fitzche\lgmore\Util\LineLocationHelper.java", "Java", 91, 0, 0, 0, 0, 0, 0, 0, 58, 37, 186
"c:\Users\Utilisateur\Desktop\RB\Dev\MyCodes\GitHub\LoupGarouMinecraftPlugin\src\fr\fitzche\lgmore\Util\LineRapport.java", "Java", 15, 0, 0, 0, 0, 0, 0, 0, 0, 8, 23
"c:\Users\Utilisateur\Desktop\RB\Dev\MyCodes\GitHub\LoupGarouMinecraftPlugin\src\fr\fitzche\lgmore\Util\LocationUtil.java", "Java", 120, 0, 0, 0, 0, 0, 0, 0, 0, 21, 141
"c:\Users\Utilisateur\Desktop\RB\Dev\MyCodes\GitHub\LoupGarouMinecraftPlugin\src\fr\fitzche\lgmore\Util\MathUtil.java", "Java", 71, 0, 0, 0, 0, 0, 0, 0, 0, 16, 87
"c:\Users\Utilisateur\Desktop\RB\Dev\MyCodes\GitHub\LoupGarouMinecraftPlugin\src\fr\fitzche\lgmore\Util\MyStringUtil.java", "Java", 38, 0, 0, 0, 0, 0, 0, 0, 0, 4, 42
"c:\Users\Utilisateur\Desktop\RB\Dev\MyCodes\GitHub\LoupGarouMinecraftPlugin\src\fr\fitzche\lgmore\Util\PlayerUtil.java", "Java", 155, 0, 0, 0, 0, 0, 0, 0, 14, 53, 222
"c:\Users\Utilisateur\Desktop\RB\Dev\MyCodes\GitHub\LoupGarouMinecraftPlugin\src\fr\fitzche\lgmore\Util\PotionUtil.java", "Java", 26, 0, 0, 0, 0, 0, 0, 0, 1, 17, 44
"c:\Users\Utilisateur\Desktop\RB\Dev\MyCodes\GitHub\LoupGarouMinecraftPlugin\src\fr\fitzche\lgmore\Util\Registre.java", "Java", 16, 0, 0, 0, 0, 0, 0, 0, 0, 7, 23
"c:\Users\Utilisateur\Desktop\RB\Dev\MyCodes\GitHub\LoupGarouMinecraftPlugin\src\fr\fitzche\lgmore\Util\RoleUtil.java", "Java", 165, 0, 0, 0, 0, 0, 0, 0, 0, 67, 232
"c:\Users\Utilisateur\Desktop\RB\Dev\MyCodes\GitHub\LoupGarouMinecraftPlugin\src\fr\fitzche\lgmore\Util\VoteEvent.java", "Java", 35, 0, 0, 0, 0, 0, 0, 0, 0, 12, 47
"c:\Users\Utilisateur\Desktop\RB\Dev\MyCodes\GitHub\LoupGarouMinecraftPlugin\src\fr\fitzche\lgmore\Util\WorldUtil.java", "Java", 43, 0, 0, 0, 0, 0, 0, 0, 9, 12, 64
"c:\Users\Utilisateur\Desktop\RB\Dev\MyCodes\GitHub\LoupGarouMinecraftPlugin\src\fr\fitzche\lgmore\bedwars\BedListener.java", "Java", 156, 0, 0, 0, 0, 0, 0, 0, 8, 39, 203
"c:\Users\Utilisateur\Desktop\RB\Dev\MyCodes\GitHub\LoupGarouMinecraftPlugin\src\fr\fitzche\lgmore\bedwars\BedLoc.java", "Java", 12, 0, 0, 0, 0, 0, 0, 0, 0, 7, 19
"c:\Users\Utilisateur\Desktop\RB\Dev\MyCodes\GitHub\LoupGarouMinecraftPlugin\src\fr\fitzche\lgmore\bedwars\BedLocType.java", "Java", 10, 0, 0, 0, 0, 0, 0, 0, 0, 5, 15
"c:\Users\Utilisateur\Desktop\RB\Dev\MyCodes\GitHub\LoupGarouMinecraftPlugin\src\fr\fitzche\lgmore\bedwars\BedTeam.java", "Java", 45, 0, 0, 0, 0, 0, 0, 0, 0, 16, 61
"c:\Users\Utilisateur\Desktop\RB\Dev\MyCodes\GitHub\LoupGarouMinecraftPlugin\src\fr\fitzche\lgmore\bedwars\BedWarMap.java", "Java", 19, 0, 0, 0, 0, 0, 0, 0, 0, 8, 27
"c:\Users\Utilisateur\Desktop\RB\Dev\MyCodes\GitHub\LoupGarouMinecraftPlugin\src\fr\fitzche\lgmore\bedwars\Bedwars.java", "Java", 277, 0, 0, 0, 0, 0, 0, 0, 22, 94, 393
"c:\Users\Utilisateur\Desktop\RB\Dev\MyCodes\GitHub\LoupGarouMinecraftPlugin\src\fr\fitzche\lgmore\bedwars\CW.java", "Java", 22, 0, 0, 0, 0, 0, 0, 0, 0, 6, 28
"c:\Users\Utilisateur\Desktop\RB\Dev\MyCodes\GitHub\LoupGarouMinecraftPlugin\src\fr\fitzche\lgmore\clocktower\ClockCommand.java", "Java", 35, 0, 0, 0, 0, 0, 0, 0, 0, 8, 43
"c:\Users\Utilisateur\Desktop\RB\Dev\MyCodes\GitHub\LoupGarouMinecraftPlugin\src\fr\fitzche\lgmore\clocktower\ClockListGenerator.java", "Java", 27, 0, 0, 0, 0, 0, 0, 0, 0, 10, 37
"c:\Users\Utilisateur\Desktop\RB\Dev\MyCodes\GitHub\LoupGarouMinecraftPlugin\src\fr\fitzche\lgmore\clocktower\ClockRole.java", "Java", 21, 0, 0, 0, 0, 0, 0, 0, 14, 9, 44
"c:\Users\Utilisateur\Desktop\RB\Dev\MyCodes\GitHub\LoupGarouMinecraftPlugin\src\fr\fitzche\lgmore\clocktower\ClockRoleData.java", "Java", 7, 0, 0, 0, 0, 0, 0, 0, 0, 2, 9
"c:\Users\Utilisateur\Desktop\RB\Dev\MyCodes\GitHub\LoupGarouMinecraftPlugin\src\fr\fitzche\lgmore\clocktower\ClockRoleSet.java", "Java", 29, 0, 0, 0, 0, 0, 0, 0, 0, 11, 40
"c:\Users\Utilisateur\Desktop\RB\Dev\MyCodes\GitHub\LoupGarouMinecraftPlugin\src\fr\fitzche\lgmore\clocktower\ClockTower.java", "Java", 143, 0, 0, 0, 0, 0, 0, 0, 50, 40, 233
"c:\Users\Utilisateur\Desktop\RB\Dev\MyCodes\GitHub\LoupGarouMinecraftPlugin\src\fr\fitzche\lgmore\clocktower\EvilData.java", "Java", 25, 0, 0, 0, 0, 0, 0, 0, 3, 8, 36
"c:\Users\Utilisateur\Desktop\RB\Dev\MyCodes\GitHub\LoupGarouMinecraftPlugin\src\fr\fitzche\lgmore\commands\FutureAction.java", "Java", 10, 0, 0, 0, 0, 0, 0, 0, 0, 5, 15
"c:\Users\Utilisateur\Desktop\RB\Dev\MyCodes\GitHub\LoupGarouMinecraftPlugin\src\fr\fitzche\lgmore\commands\Hub.java", "Java", 83, 0, 0, 0, 0, 0, 0, 0, 0, 29, 112
"c:\Users\Utilisateur\Desktop\RB\Dev\MyCodes\GitHub\LoupGarouMinecraftPlugin\src\fr\fitzche\lgmore\commands\Lg.java", "Java", 574, 0, 0, 0, 0, 0, 0, 0, 1, 121, 696
"c:\Users\Utilisateur\Desktop\RB\Dev\MyCodes\GitHub\LoupGarouMinecraftPlugin\src\fr\fitzche\lgmore\commands\LgTab.java", "Java", 58, 0, 0, 0, 0, 0, 0, 0, 1, 13, 72
"c:\Users\Utilisateur\Desktop\RB\Dev\MyCodes\GitHub\LoupGarouMinecraftPlugin\src\fr\fitzche\lgmore\commands\Lga.java", "Java", 994, 0, 0, 0, 0, 0, 0, 0, 5, 257, 1256
"c:\Users\Utilisateur\Desktop\RB\Dev\MyCodes\GitHub\LoupGarouMinecraftPlugin\src\fr\fitzche\lgmore\commands\Rejoin.java", "Java", 28, 0, 0, 0, 0, 0, 0, 0, 0, 9, 37
"c:\Users\Utilisateur\Desktop\RB\Dev\MyCodes\GitHub\LoupGarouMinecraftPlugin\src\fr\fitzche\lgmore\commands\SpecialItemHolder.java", "Java", 191, 0, 0, 0, 0, 0, 0, 0, 6, 56, 253
"c:\Users\Utilisateur\Desktop\RB\Dev\MyCodes\GitHub\LoupGarouMinecraftPlugin\src\fr\fitzche\lgmore\commands\Star.java", "Java", 120, 0, 0, 0, 0, 0, 0, 0, 0, 14, 134
"c:\Users\Utilisateur\Desktop\RB\Dev\MyCodes\GitHub\LoupGarouMinecraftPlugin\src\fr\fitzche\lgmore\custom\CustomGame.java", "Java", 187, 0, 0, 0, 0, 0, 0, 0, 7, 57, 251
"c:\Users\Utilisateur\Desktop\RB\Dev\MyCodes\GitHub\LoupGarouMinecraftPlugin\src\fr\fitzche\lgmore\custom\CustomGameDataSet.java", "Java", 43, 0, 0, 0, 0, 0, 0, 0, 4, 22, 69
"c:\Users\Utilisateur\Desktop\RB\Dev\MyCodes\GitHub\LoupGarouMinecraftPlugin\src\fr\fitzche\lgmore\custom\CustomGameType.java", "Java", 98, 0, 0, 0, 0, 0, 0, 0, 0, 30, 128
"c:\Users\Utilisateur\Desktop\RB\Dev\MyCodes\GitHub\LoupGarouMinecraftPlugin\src\fr\fitzche\lgmore\custom\CustomParam.java", "Java", 4, 0, 0, 0, 0, 0, 0, 0, 0, 4, 8
"c:\Users\Utilisateur\Desktop\RB\Dev\MyCodes\GitHub\LoupGarouMinecraftPlugin\src\fr\fitzche\lgmore\custom\CustomRole.java", "Java", 14, 0, 0, 0, 0, 0, 0, 0, 0, 7, 21
"c:\Users\Utilisateur\Desktop\RB\Dev\MyCodes\GitHub\LoupGarouMinecraftPlugin\src\fr\fitzche\lgmore\custom\CustomTimer.java", "Java", 55, 0, 0, 0, 0, 0, 0, 0, 1, 13, 69
"c:\Users\Utilisateur\Desktop\RB\Dev\MyCodes\GitHub\LoupGarouMinecraftPlugin\src\fr\fitzche\lgmore\custom\RoleSet.java", "Java", 12, 0, 0, 0, 0, 0, 0, 0, 1, 8, 21
"c:\Users\Utilisateur\Desktop\RB\Dev\MyCodes\GitHub\LoupGarouMinecraftPlugin\src\fr\fitzche\lgmore\minecraft\GameListener.java", "Java", 16, 0, 0, 0, 0, 0, 0, 0, 0, 8, 24
"c:\Users\Utilisateur\Desktop\RB\Dev\MyCodes\GitHub\LoupGarouMinecraftPlugin\src\fr\fitzche\lgmore\minecraft\PlayerDataLeft.java", "Java", 25, 0, 0, 0, 0, 0, 0, 0, 0, 10, 35
"c:\Users\Utilisateur\Desktop\RB\Dev\MyCodes\GitHub\LoupGarouMinecraftPlugin\src\fr\fitzche\lgmore\minecraft\ResCheck.java", "Java", 20, 0, 0, 0, 0, 0, 0, 0, 0, 9, 29
"c:\Users\Utilisateur\Desktop\RB\Dev\MyCodes\GitHub\LoupGarouMinecraftPlugin\src\fr\fitzche\lgmore\minecraft\mcListeners.java", "Java", 399, 0, 0, 0, 0, 0, 0, 0, 27, 181, 607
"c:\Users\Utilisateur\Desktop\RB\Dev\MyCodes\GitHub\LoupGarouMinecraftPlugin\src\fr\fitzche\lgmore\scoreboard\BedBoard.java", "Java", 27, 0, 0, 0, 0, 0, 0, 0, 1, 10, 38
"c:\Users\Utilisateur\Desktop\RB\Dev\MyCodes\GitHub\LoupGarouMinecraftPlugin\src\fr\fitzche\lgmore\scoreboard\CustomGameBoard.java", "Java", 36, 0, 0, 0, 0, 0, 0, 0, 0, 18, 54
"c:\Users\Utilisateur\Desktop\RB\Dev\MyCodes\GitHub\LoupGarouMinecraftPlugin\src\fr\fitzche\lgmore\scoreboard\DefaultBoard.java", "Java", 14, 0, 0, 0, 0, 0, 0, 0, 0, 6, 20
"c:\Users\Utilisateur\Desktop\RB\Dev\MyCodes\GitHub\LoupGarouMinecraftPlugin\src\fr\fitzche\lgmore\scoreboard\GameBoard.java", "Java", 4, 0, 0, 0, 0, 0, 0, 0, 0, 3, 7
"c:\Users\Utilisateur\Desktop\RB\Dev\MyCodes\GitHub\LoupGarouMinecraftPlugin\src\fr\fitzche\lgmore\scoreboard\Inventory\CompoDisplay.java", "Java", 82, 0, 0, 0, 0, 0, 0, 0, 0, 36, 118
"c:\Users\Utilisateur\Desktop\RB\Dev\MyCodes\GitHub\LoupGarouMinecraftPlugin\src\fr\fitzche\lgmore\scoreboard\Inventory\ConfigDisplay.java", "Java", 97, 0, 0, 0, 0, 0, 0, 0, 0, 50, 147
"c:\Users\Utilisateur\Desktop\RB\Dev\MyCodes\GitHub\LoupGarouMinecraftPlugin\src\fr\fitzche\lgmore\scoreboard\Inventory\DisplayMenu.java", "Java", 140, 0, 0, 0, 0, 0, 0, 0, 2, 57, 199
"c:\Users\Utilisateur\Desktop\RB\Dev\MyCodes\GitHub\LoupGarouMinecraftPlugin\src\fr\fitzche\lgmore\scoreboard\Inventory\EventDisplay.java", "Java", 143, 0, 0, 0, 0, 0, 0, 0, 2, 56, 201
"c:\Users\Utilisateur\Desktop\RB\Dev\MyCodes\GitHub\LoupGarouMinecraftPlugin\src\fr\fitzche\lgmore\scoreboard\Inventory\GameTypeChoose.java", "Java", 45, 0, 0, 0, 0, 0, 0, 0, 0, 20, 65
"c:\Users\Utilisateur\Desktop\RB\Dev\MyCodes\GitHub\LoupGarouMinecraftPlugin\src\fr\fitzche\lgmore\scoreboard\Inventory\GeneralMenu.java", "Java", 102, 0, 0, 0, 0, 0, 0, 0, 0, 35, 137
"c:\Users\Utilisateur\Desktop\RB\Dev\MyCodes\GitHub\LoupGarouMinecraftPlugin\src\fr\fitzche\lgmore\scoreboard\Inventory\InvFunct.java", "Java", 9, 0, 0, 0, 0, 0, 0, 0, 0, 7, 16
"c:\Users\Utilisateur\Desktop\RB\Dev\MyCodes\GitHub\LoupGarouMinecraftPlugin\src\fr\fitzche\lgmore\scoreboard\Inventory\InventoryDisplay.java", "Java", 46, 0, 0, 0, 0, 0, 0, 0, 0, 19, 65
"c:\Users\Utilisateur\Desktop\RB\Dev\MyCodes\GitHub\LoupGarouMinecraftPlugin\src\fr\fitzche\lgmore\scoreboard\Inventory\JoinChoose.java", "Java", 70, 0, 0, 0, 0, 0, 0, 0, 2, 25, 97
"c:\Users\Utilisateur\Desktop\RB\Dev\MyCodes\GitHub\LoupGarouMinecraftPlugin\src\fr\fitzche\lgmore\scoreboard\Inventory\PlayerDisplay.java", "Java", 123, 0, 0, 0, 0, 0, 0, 0, 50, 61, 234
"c:\Users\Utilisateur\Desktop\RB\Dev\MyCodes\GitHub\LoupGarouMinecraftPlugin\src\fr\fitzche\lgmore\scoreboard\Inventory\PlayerGameListInv.java", "Java", 53, 0, 0, 0, 0, 0, 0, 0, 0, 21, 74
"c:\Users\Utilisateur\Desktop\RB\Dev\MyCodes\GitHub\LoupGarouMinecraftPlugin\src\fr\fitzche\lgmore\scoreboard\Inventory\PlayerVoteChoose.java", "Java", 39, 0, 0, 0, 0, 0, 0, 0, 1, 13, 53
"c:\Users\Utilisateur\Desktop\RB\Dev\MyCodes\GitHub\LoupGarouMinecraftPlugin\src\fr\fitzche\lgmore\scoreboard\Inventory\PresetFunct.java", "Java", 80, 0, 0, 0, 0, 0, 0, 0, 0, 33, 113
"c:\Users\Utilisateur\Desktop\RB\Dev\MyCodes\GitHub\LoupGarouMinecraftPlugin\src\fr\fitzche\lgmore\scoreboard\Inventory\ScenarioInv.java", "Java", 189, 0, 0, 0, 0, 0, 0, 0, 0, 23, 212
"c:\Users\Utilisateur\Desktop\RB\Dev\MyCodes\GitHub\LoupGarouMinecraftPlugin\src\fr\fitzche\lgmore\scoreboard\Inventory\StringChooseInv.java", "Java", 117, 0, 0, 0, 0, 0, 0, 0, 1, 35, 153
"c:\Users\Utilisateur\Desktop\RB\Dev\MyCodes\GitHub\LoupGarouMinecraftPlugin\src\fr\fitzche\lgmore\scoreboard\Inventory\SwapperConfigInv.java", "Java", 94, 0, 0, 0, 0, 0, 0, 0, 0, 13, 107
"c:\Users\Utilisateur\Desktop\RB\Dev\MyCodes\GitHub\LoupGarouMinecraftPlugin\src\fr\fitzche\lgmore\scoreboard\Inventory\cupidonPlayersDisplay.java", "Java", 113, 0, 0, 0, 0, 0, 0, 0, 6, 54, 173
"c:\Users\Utilisateur\Desktop\RB\Dev\MyCodes\GitHub\LoupGarouMinecraftPlugin\src\fr\fitzche\lgmore\scoreboard\Inventory\sorcierInv.java", "Java", 126, 0, 0, 0, 0, 0, 0, 0, 0, 23, 149
"c:\Users\Utilisateur\Desktop\RB\Dev\MyCodes\GitHub\LoupGarouMinecraftPlugin\src\fr\fitzche\lgmore\scoreboard\ScoreboardLg.java", "Java", 85, 0, 0, 0, 0, 0, 0, 0, 10, 39, 134
"c:\Users\Utilisateur\Desktop\RB\Dev\MyCodes\GitHub\LoupGarouMinecraftPlugin\src\fr\fitzche\lgmore\scoreboard\StarBoard.java", "Java", 32, 0, 0, 0, 0, 0, 0, 0, 0, 14, 46
"c:\Users\Utilisateur\Desktop\RB\Dev\MyCodes\GitHub\LoupGarouMinecraftPlugin\src\fr\fitzche\lgmore\settlerGame\SettleGameSet.java", "Java", 75, 0, 0, 0, 0, 0, 0, 0, 3, 42, 120
"c:\Users\Utilisateur\Desktop\RB\Dev\MyCodes\GitHub\LoupGarouMinecraftPlugin\src\fr\fitzche\lgmore\settlerGame\Settler.java", "Java", 56, 0, 0, 0, 0, 0, 0, 0, 7, 26, 89
"c:\Users\Utilisateur\Desktop\RB\Dev\MyCodes\GitHub\LoupGarouMinecraftPlugin\src\fr\fitzche\lgmore\settlerGame\SettlerGame.java", "Java", 195, 0, 0, 0, 0, 0, 0, 0, 16, 60, 271
"c:\Users\Utilisateur\Desktop\RB\Dev\MyCodes\GitHub\LoupGarouMinecraftPlugin\src\fr\fitzche\lgmore\settlerGame\SettlerTeamData.java", "Java", 7, 0, 0, 0, 0, 0, 0, 0, 0, 6, 13
"c:\Users\Utilisateur\Desktop\RB\Dev\MyCodes\GitHub\LoupGarouMinecraftPlugin\src\fr\fitzche\lgmore\uhc_color\Color.java", "Java", 35, 0, 0, 0, 0, 0, 0, 0, 0, 12, 47
"c:\Users\Utilisateur\Desktop\RB\Dev\MyCodes\GitHub\LoupGarouMinecraftPlugin\src\fr\fitzche\lgmore\uhc_color\Gui\PlayerGui.java", "Java", 86, 0, 0, 0, 0, 0, 0, 0, 1, 29, 116
"c:\Users\Utilisateur\Desktop\RB\Dev\MyCodes\GitHub\LoupGarouMinecraftPlugin\src\fr\fitzche\lgmore\uhc_color\Gui\chooseColorGui.java", "Java", 95, 0, 0, 0, 0, 0, 0, 0, 4, 26, 125
"c:\Users\Utilisateur\Desktop\RB\Dev\MyCodes\GitHub\LoupGarouMinecraftPlugin\src\fr\fitzche\lgmore\uhc_color\MainColor.java", "Java", 64, 0, 0, 0, 0, 0, 0, 0, 0, 27, 91
"c:\Users\Utilisateur\Desktop\RB\Dev\MyCodes\GitHub\LoupGarouMinecraftPlugin\src\fr\fitzche\lgmore\uhc_color\PlayerColorboard\Colorboard.java", "Java", 180, 0, 0, 0, 0, 0, 0, 0, 0, 34, 214
"Total", "-", 24485, 1345, 35, 26, 3, 97, 2, 1, 1290, 7896, 35180